{"cameraMode":{"drawMode":0,"name":"Shaded","section":"Shading Mode"},"sceneLighting":false,"audioPlay":false,"sceneViewState":{"m_AlwaysRefresh":false,"showFog":true,"showSkybox":false,"showFlares":true,"showImageEffects":true,"showParticleSystems":true,"showVisualEffectGraphs":true,"m_FxEnabled":true},"in2DMode":false,"pivot":{"x":-4.2412004470825199,"y":-17.964885711669923,"z":-31.25518226623535},"rotation":{"x":-0.2544041872024536,"y":-0.029383888468146325,"z":0.008335556834936142,"w":-0.9665157198905945},"size":34.320953369140628,"orthographic":false}